tau,model,metric,mean,std,median,min,max,count
0.5,DecisionTree,complexity,1526.94,9135.109392288727,79.0,1.0,128943.0,600
0.5,DecisionTree,coverage,0.08361685436647862,0.0999127504922235,0.04687193807564183,0.0,0.4462264150943396,600
0.5,DecisionTree,losses,0.038717231554632775,0.0172538611073121,0.03864999291907932,0.00097598064282136,0.10714285714285714,600
0.5,DecisionTree,time_all,7.8567139482498165,47.33363453282346,0.09617531299591064,0.024160385131835938,412.0721004009247,600
0.5,DecisionTree,time_fit,0.5269214228789012,3.2296987289302193,0.014584898948669434,0.0014407634735107422,31.157655954360962,600
0.5,LightGBM,coverage,0.05873111184846101,0.062021690948374626,0.040000000000000036,0.0,0.4,600
0.5,LightGBM,losses,0.04209062268989659,0.02173313628271679,0.03691282923790582,0.0040629802137258425,0.15080826683036627,600
0.5,LightGBM,time_all,0.6037114500999451,1.0521136694439008,0.2552523612976074,0.030560016632080078,7.591569900512695,600
0.5,LightGBM,time_fit,0.1172874399026235,0.21579869647004907,0.053975701332092285,0.0036764144897460938,1.6090795993804932,600
0.5,LinearQuantile,complexity,19.891666666666666,20.60025602112221,11.0,2.0,124.0,600
0.5,LinearQuantile,coverage,0.05901136699197744,0.07364251196750918,0.03999999999999998,0.0,0.5,600
0.5,LinearQuantile,losses,0.0579678480332801,0.029411036693953303,0.05817874459083577,4.652456921086764e-14,0.23018869956307922,600
0.5,LinearQuantile,time_all,71.27909372886022,495.95899515230195,0.7321350574493408,0.027304649353027344,5742.128815412521,600
0.5,LinearQuantile,time_fit,6.01254908045133,48.4756657300295,0.05863165855407715,0.0019073486328125,776.25634598732,600
0.5,SQR,complexity,10.101666666666667,4.500936339857294,11.0,2.0,21.0,600
0.5,SQR,coverage,0.08154461382473206,0.08622870773370048,0.050000000000000044,0.0,0.5,600
0.5,SQR,losses,0.03278551235868266,0.023446313877122066,0.02496959756734874,0.0,0.2057188698991377,600
0.5,SQR,time_all,165.85532858252526,170.78455287784644,90.36052536964417,61.13023114204407,653.6098387241364,600
0.5,SQR,time_fit,165.85532858252526,170.78455287784644,90.36052536964417,61.13023114204407,653.6098387241364,600
0.6,DecisionTree,complexity,1307.1579831932772,6400.859100213854,75.0,1.0,59639.0,595
0.6,DecisionTree,coverage,0.08267401642034554,0.08226639638874671,0.05499999999999994,0.0,0.35188679245283017,595
0.6,DecisionTree,losses,0.03813420474748073,0.017315705636890864,0.03791704356030216,0.0009570873930736699,0.12523809523809523,595
0.6,DecisionTree,time_all,7.842902078147696,47.136741159583096,0.09491825103759766,0.024744033813476562,410.5283057689667,595
0.6,DecisionTree,time_fit,0.4845282274134019,2.8833128144695848,0.012024879455566406,0.001440286636352539,25.270665168762207,595
0.6,LightGBM,coverage,0.06200279487037085,0.07057591774454572,0.039999999999999925,0.0,0.4,595
0.6,LightGBM,losses,0.04378310586647397,0.029527991200925693,0.036859708949648164,0.0038006656215544272,0.2755555555555556,595
0.6,LightGBM,time_all,0.6121397066517037,1.1255573287846754,0.25522613525390625,0.030718564987182617,7.831706523895264,595
0.6,LightGBM,time_fit,0.11990006591091637,0.23785330243350059,0.054598331451416016,0.0036706924438476562,1.895266056060791,595
0.6,LinearQuantile,complexity,19.941176470588236,20.679653022201254,11.0,2.0,124.0,595
0.6,LinearQuantile,coverage,0.10689383735455303,0.08297392827434649,0.09999999999999998,0.0,0.6,595
0.6,LinearQuantile,losses,0.05897828194433145,0.03238431556407339,0.05807023283815736,2.571196799058948e-13,0.2762264451952036,595
0.6,LinearQuantile,time_all,26.66323505489766,128.7434282109881,0.6914818286895752,0.027542829513549805,1397.357073545456,595
0.6,LinearQuantile,time_fit,2.438704384475195,11.721228666501604,0.0569305419921875,0.001922607421875,124.78409075737,595
0.6,SQR,complexity,9.843697478991597,4.266868655561732,11.0,2.0,19.0,595
0.6,SQR,coverage,0.07916904543188731,0.08032235702548317,0.05499999999999994,0.0,0.44999999999999996,595
0.6,SQR,losses,0.03172336695930462,0.022169050373650794,0.024394441856448488,0.0,0.12666666666666668,595
0.6,SQR,time_all,164.83566730082535,169.50813001481785,91.79540014266968,60.41257047653198,670.8502771854401,595
0.6,SQR,time_fit,164.83566730082535,169.50813001481785,91.79540014266968,60.41257047653198,670.8502771854401,595
0.7,DecisionTree,complexity,1050.7266666666667,4537.9916003555,69.0,1.0,33341.0,600
0.7,DecisionTree,coverage,0.08725036919784462,0.06889352494551401,0.07486263736263737,0.0,0.3363636363636363,600
0.7,DecisionTree,losses,0.03527633231537956,0.016282912677163454,0.034987727449823945,0.0008874370454822733,0.12857142857142856,600
0.7,DecisionTree,time_all,7.759449399709702,46.9190063758071,0.0947425365447998,0.024715662002563477,412.5866298675537,600
0.7,DecisionTree,time_fit,0.42990334312121076,2.6209019456144427,0.011500358581542969,0.0014119148254394531,24.989843130111694,600
0.7,LightGBM,coverage,0.059983856742797305,0.06683603290405848,0.037932948633541186,0.0,0.36666666666666664,600
0.7,LightGBM,losses,0.04187925998716632,0.027760932117458666,0.035320516263476764,0.0042014508852171485,0.21142857142857147,600
0.7,LightGBM,time_all,0.6060540660222371,1.1075901402578114,0.24506604671478271,0.03079700469970703,7.626610517501831,600
0.7,LightGBM,time_fit,0.11783969759941101,0.22965687966807463,0.05164945125579834,0.00372314453125,1.6079251766204834,600
0.7,LinearQuantile,complexity,19.891666666666666,20.60025602112221,11.0,2.0,124.0,600
0.7,LinearQuantile,coverage,0.1623398431630198,0.11754244962588617,0.18999999999999995,0.0,0.7,600
0.7,LinearQuantile,losses,0.05843756905759011,0.03577495090224534,0.05726539731455668,1.5885049035965514e-13,0.3222641791832829,600
0.7,LinearQuantile,time_all,28.914503302176794,150.90611076288448,0.7382112741470337,0.027531862258911133,1710.1735961437225,600
0.7,LinearQuantile,time_fit,2.6124620898564657,13.79207162988433,0.058395981788635254,0.001928567886352539,155.4784984588623,600
0.7,SQR,complexity,9.598333333333333,4.336088867478001,10.0,2.0,21.0,600
0.7,SQR,coverage,0.0733025931347885,0.07752256373911673,0.04999999999999993,0.0,0.4692307692307692,600
0.7,SQR,losses,0.029592720808472254,0.0224148653058807,0.022814256361324455,0.0,0.15674580794724696,600
0.7,SQR,time_all,165.3215878935655,166.5203353283935,91.41164815425873,59.98655438423157,647.5854868888855,600
0.7,SQR,time_fit,165.3215878935655,166.5203353283935,91.41164815425873,59.98655438423157,647.5854868888855,600
0.8,DecisionTree,complexity,976.8166666666667,4374.3522731262265,61.0,1.0,33341.0,600
0.8,DecisionTree,coverage,0.08355903106121107,0.06314172355523241,0.07000000000000006,0.0,0.38333333333333336,600
0.8,DecisionTree,losses,0.029494781334998603,0.013843730366145795,0.029044251437107586,0.0007650918941628054,0.12,600
0.8,DecisionTree,time_all,8.111070018212,48.43652683885119,0.0924445390701294,0.02301931381225586,411.1794013977051,600
0.8,DecisionTree,time_fit,0.43978736718495687,2.6647415801321515,0.010121464729309082,0.0014612674713134766,24.844963550567627,600
0.8,LightGBM,coverage,0.056286201561100445,0.055698773833324534,0.03943833943833941,0.0,0.32272727272727275,600
0.8,LightGBM,losses,0.036403177243620896,0.02211262316044089,0.030340124167347306,0.00409052966372448,0.1409523809523809,600
0.8,LightGBM,time_all,0.568039538860321,1.0838818614396746,0.2239779233932495,0.030677318572998047,7.836691856384277,600
0.8,LightGBM,time_fit,0.11388362844785055,0.22864626997766277,0.04685413837432861,0.003682851791381836,1.6454699039459229,600
0.8,LinearQuantile,complexity,19.891666666666666,20.60025602112221,11.0,2.0,124.0,600
0.8,LinearQuantile,coverage,0.21842395755741792,0.15795953493845394,0.28,0.0,0.8,600
0.8,LinearQuantile,losses,0.05642620606389987,0.038815391152753426,0.052770566120853374,1.7306729816828022e-13,0.3683019190597994,600
0.8,LinearQuantile,time_all,28.327440659602484,143.6429615601482,0.7006449699401855,0.0274808406829834,1635.4349102973938,600
0.8,LinearQuantile,time_fit,2.476702405611674,13.07088718537764,0.05657756328582764,0.0019249916076660156,148.2681188583374,600
0.8,SQR,complexity,9.735,4.3535077868408,10.0,2.0,21.0,600
0.8,SQR,coverage,0.06730247070198413,0.07586027627505856,0.043951219512195105,0.0,0.5,600
0.8,SQR,losses,0.02720721311383439,0.06303072840010239,0.018481992913486598,0.0,1.4915427393181822,600
0.8,SQR,time_all,165.80461695273718,167.06566499141562,92.08173882961273,60.24276614189148,659.1137292385101,600
0.8,SQR,time_fit,165.80461695273718,167.06566499141562,92.08173882961273,60.24276614189148,659.1137292385101,600
0.9,DecisionTree,complexity,938.87,4390.664831115973,33.0,1.0,38659.0,600
0.9,DecisionTree,coverage,0.06395994136396782,0.057168334099664125,0.050000000000000044,0.0,0.4,600
0.9,DecisionTree,losses,0.01962189974937519,0.009453264893779206,0.019100887240398656,0.0005825161405842853,0.0788095238095238,600
0.9,DecisionTree,time_all,7.804576502243678,46.91150981537461,0.08915567398071289,0.025585412979125977,412.09000182151794,600
0.9,DecisionTree,time_fit,0.4221174466609955,2.6034107433632583,0.008402466773986816,0.0014057159423828125,24.949873447418213,600
0.9,LightGBM,coverage,0.038268630575023055,0.0372848019144172,0.02791996628570348,0.0,0.24090909090909096,600
0.9,LightGBM,losses,0.024369434137561603,0.012036389147247152,0.021580645675387315,0.006424048036117435,0.09138532107364723,600
0.9,LightGBM,time_all,0.5328735832373301,1.073291123158003,0.2071162462234497,0.03116130828857422,7.636779308319092,600
0.9,LightGBM,time_fit,0.10182682792345683,0.22238521344376672,0.0419389009475708,0.0037355422973632812,1.6810383796691895,600
0.9,LinearQuantile,complexity,19.891666666666666,20.60025602112221,11.0,2.0,124.0,600
0.9,LinearQuantile,coverage,0.2727187300658863,0.21091921020649076,0.38,0.0,0.9,600
0.9,LinearQuantile,losses,0.0520246225140802,0.043581467073442744,0.0481855151211476,3.283860095002843e-14,0.4143396671611299,600
0.9,LinearQuantile,time_all,46.197629137039186,326.5007028514927,0.728614330291748,0.028421878814697266,5435.152262926102,600
0.9,LinearQuantile,time_fit,4.217848521073659,32.31932363091988,0.05753922462463379,0.002019166946411133,605.4943733215332,600
0.9,SQR,complexity,9.678333333333333,4.208846382165786,10.0,2.0,21.0,600
0.9,SQR,coverage,0.05989308593411497,0.0752474455497785,0.03749999999999998,0.0,0.5,600
0.9,SQR,losses,inf,,0.01281996282790406,0.0,inf,600
0.9,SQR,time_all,166.14197996576627,168.74983837797708,92.2196135520935,61.72963309288025,723.2584712505341,600
0.9,SQR,time_fit,166.14197996576627,168.74983837797708,92.2196135520935,61.72963309288025,723.2584712505341,600
